{"cameraMode":{"drawMode":0,"name":"Shaded","section":"Shading Mode"},"sceneLighting":false,"audioPlay":false,"sceneViewState":{"showFog":true,"showMaterialUpdate":false,"showSkybox":true,"showFlares":true,"showImageEffects":true,"showParticleSystems":true},"in2DMode":false,"pivot":{"x":-0.1272997111082077,"y":-1.190000057220459,"z":1.467455267906189},"rotation":{"x":0.22816288471221925,"y":-0.4600331783294678,"z":0.12361109256744385,"w":0.8491357564926148},"size":13.414655685424805,"orthographic":true}