{"cameraMode":{"drawMode":0,"name":"Shaded","section":"Shading Mode"},"sceneLighting":false,"audioPlay":false,"sceneViewState":{"showFog":true,"showMaterialUpdate":false,"showSkybox":true,"showFlares":true,"showImageEffects":true,"showParticleSystems":true},"in2DMode":false,"pivot":{"x":1.8552043437957764,"y":-0.693616509437561,"z":2.773346424102783},"rotation":{"x":-0.00652175210416317,"y":0.9911594390869141,"z":-0.12133469432592392,"w":-0.05327632650732994},"size":4.569091796875,"orthographic":false}