{"cameraMode":{"drawMode":0,"name":"Shaded","section":"Shading Mode"},"sceneLighting":false,"audioPlay":false,"sceneViewState":{"showFog":true,"showMaterialUpdate":true,"showSkybox":true,"showFlares":true,"showImageEffects":true,"showParticleSystems":true},"in2DMode":false,"pivot":{"x":26.297733306884767,"y":6.767225742340088,"z":-18.50204086303711},"rotation":{"x":0.10027973353862763,"y":-0.44666266441345217,"z":0.05046775937080383,"w":0.8876314163208008},"size":1.3148139715194703,"orthographic":true}