{"cameraMode":{"drawMode":0,"name":"Shaded","section":"Shading Mode"},"sceneLighting":false,"audioPlay":false,"sceneViewState":{"showFog":true,"showMaterialUpdate":false,"showSkybox":true,"showFlares":true,"showImageEffects":true,"showParticleSystems":true},"in2DMode":false,"pivot":{"x":3.429269790649414,"y":0.10083097219467163,"z":0.6085573434829712},"rotation":{"x":0.22816288471221925,"y":-0.4600331783294678,"z":0.12361109256744385,"w":0.8491357564926148},"size":3.510683298110962,"orthographic":true}