{"cameraMode":{"drawMode":0,"name":"Shaded","section":"Shading Mode"},"sceneLighting":true,"audioPlay":false,"sceneViewState":{"showFog":true,"showMaterialUpdate":false,"showSkybox":true,"showFlares":true,"showImageEffects":true,"showParticleSystems":true},"in2DMode":false,"pivot":{"x":-5.065893650054932,"y":1.3294689655303956,"z":-2.1570470333099367},"rotation":{"x":0.03653004392981529,"y":-0.05844711884856224,"z":0.002137325005605817,"w":0.9976196885108948},"size":6.151676177978516,"orthographic":true}