{"cameraMode":{"drawMode":0,"name":"Shaded","section":"Shading Mode"},"sceneLighting":true,"audioPlay":false,"sceneViewState":{"showFog":true,"showMaterialUpdate":false,"showSkybox":true,"showFlares":true,"showImageEffects":true,"showParticleSystems":true},"in2DMode":false,"pivot":{"x":24.440000534057618,"y":7.199999809265137,"z":-4.076000213623047},"rotation":{"x":0.011301792226731778,"y":0.6891858577728272,"z":-0.010753042064607144,"w":0.7244167327880859},"size":24.048168182373048,"orthographic":true}