{"cameraMode":{"drawMode":0,"name":"Shaded","section":"Shading Mode"},"sceneLighting":true,"audioPlay":false,"sceneViewState":{"showFog":true,"showMaterialUpdate":false,"showSkybox":true,"showFlares":true,"showImageEffects":true,"showParticleSystems":true},"in2DMode":false,"pivot":{"x":-0.6499999761581421,"y":0.4116460084915161,"z":-8.94980239868164},"rotation":{"x":0.0488399900496006,"y":-0.895246148109436,"z":0.10141350328922272,"w":0.431119829416275},"size":2.284872055053711,"orthographic":true}