{"cameraMode":{"drawMode":0,"name":"Shaded","section":"Shading Mode"},"sceneLighting":false,"audioPlay":false,"sceneViewState":{"showFog":true,"showMaterialUpdate":false,"showSkybox":true,"showFlares":true,"showImageEffects":true,"showParticleSystems":true},"in2DMode":false,"pivot":{"x":-0.6499999761581421,"y":0.5290000438690186,"z":-9.333000183105469},"rotation":{"x":-0.010622113011777401,"y":0.7059656381607056,"z":-0.010590272955596447,"w":-0.7080872654914856},"size":0.1869368553161621,"orthographic":false}