{"cameraMode":{"drawMode":0,"name":"Shaded","section":"Shading Mode"},"sceneLighting":true,"audioPlay":false,"sceneViewState":{"showFog":true,"showMaterialUpdate":false,"showSkybox":true,"showFlares":true,"showImageEffects":true,"showParticleSystems":true},"in2DMode":false,"pivot":{"x":-0.5672100186347961,"y":0.7231135368347168,"z":-9.3248929977417},"rotation":{"x":0.08295929431915283,"y":-0.9062592387199402,"z":0.21056953072547913,"w":0.35703280568122866},"size":0.5777379870414734,"orthographic":true}