{"cameraMode":{"drawMode":0,"name":"Shaded","section":"Shading Mode"},"sceneLighting":false,"audioPlay":false,"sceneViewState":{"showFog":true,"showMaterialUpdate":false,"showSkybox":true,"showFlares":true,"showImageEffects":true,"showParticleSystems":true},"in2DMode":false,"pivot":{"x":-0.6499999761581421,"y":0.4122489094734192,"z":-8.663698196411133},"rotation":{"x":-0.15074044466018678,"y":0.6715402603149414,"z":-0.14229834079742433,"w":-0.7113804817199707},"size":1.7889190912246705,"orthographic":false}