{"cameraMode":{"drawMode":0,"name":"Shaded","section":"Shading Mode"},"sceneLighting":true,"audioPlay":false,"sceneViewState":{"showFog":true,"showMaterialUpdate":false,"showSkybox":true,"showFlares":true,"showImageEffects":true,"showParticleSystems":true},"in2DMode":false,"pivot":{"x":2.64644193649292,"y":8.538565635681153,"z":-4.0526580810546879},"rotation":{"x":-0.19346825778484345,"y":-0.05442020669579506,"z":0.010748525150120259,"w":-0.9795371294021606},"size":2.172274351119995,"orthographic":false}